Name,Distance
Michael,0
Michaela,1
Michal,1
Michel,1
Micaela,2
Michaella,2
Michale,2
Micheal,2
Michele,2
Michell,2
Rachael,2
Licha,3
Micah,3
Michaelina,3
Michaeline,3
Michelle,3
Mickie,3
Miguel,3
Mikaela,3
Mikel,3
Mirabel,3
Misha,3
Nichol,3
Rachel,3
Raphael,3
Richie,3
Abagael,4
Abigael,4
Aisha,4
Cicely,4
Ciel,4
Dael,4
Diahann,4
Ehtel,4
Ericha,4
Ethel,4
Gael,4
Israel,4
Kial,4
Lisha,4
Lishe,4
Mabel,4
Madel,4
Mae,4
Mahala,4
Manual,4
Marabel,4
Maribel,4
Maridel,4
Mariel,4
Masha,4
Mechelle,4
Meghan,4
Meghann,4
Mel,4
Meridel,4
Meriel,4
Mia,4
Michelina,4
Micheline,4
Micki,4
Micky,4
Midge,4
Miguela,4
Mil,4
Mildred,4
Milka,4
Millie,4
Milzie,4
Mina,4
Minda,4
Minna,4
Minne,4
Minnie,4
Minta,4
Miquela,4
Mira,4
Miran,4
Miriam,4
Mirna,4
Missie,4
Mittie,4
Mohamed,4
Murial,4
Muriel,4
Nichole,4
Nicholle,4
Nickie,4
Nicol,4
Nicole,4
Nicolea,4
Nigel,4
Rachele,4
Racquel,4
Rafael,4
Rahal,4
Rahel,4
Raphaela,4
Raychel,4
Rica,4
Ricca,4
Rickey,4
Rickie,4
Rochell,4
Sacha,4
Shae,4
Sharl,4
Shel,4
Sibeal,4
Sibel,4
Tiphani,4
Tiphany,4
Tisha,4
Vickie,4
Yael,4
Abagail,5
Abel,5
Abigail,5
Adel,5
Aeriel,5
Ahmed,5
Aida,5
Aidan,5
Aila,5
Aile,5
Ailee,5
Aileen,5
Ailene,5
Ailey,5
Aime,5
Aimee,5
Aimil,5
Aindrea,5
Ainslee,5
Ainsley,5
Alica,5
Alice,5
Alicea,5
Alicia,5
Alisha,5
Althea,5
Amabel,5
Anabal,5
Anabel,5
Angel,5
Anibal,5
Anica,5
Annabel,5
Anthe,5
Anthea,5
Arabel,5
Arica,5
Ariel,5
Ashely,5
Ashien,5
Ashil,5
Ashlee,5
Ashlen,5
Ashley,5
Aurel,5
Becca,5
Becka,5
Beckie,5
Bel,5
Bethany,5
Bibbie,5
Bibbye,5
Biddie,5
Bidget,5
Bill,5
Billie,5
Billye,5
Binnie,5
Birdie,5
Blithe,5
Cal,5
Camel,5
Carmel,5
Catha,5
Cathe,5
Cathee,5
Cathie,5
Cecil,5
Cecile,5
Ceciley,5
Chad,5
Chana,5
Charil,5
Charla,5
Charo,5
Charyl,5
Chase,5
Chau,5
Cher,5
Chet,5
Chickie,5
Cicily,5
Ciera,5
Cilka,5
Cinda,5
Cindee,5
Cindie,5
Cissiee,5
Corabel,5
Coral,5
Cristabel,5
Cristal,5
Dacey,5
Dacia,5
Dacie,5
Danial,5
Daphne,5
Dasha,5
Datha,5
Del,5
Dian,5
Diana,5
Diane,5
Diann,5
Dianne,5
Diena,5
Dina,5
Dinah,5
Dinnie,5
Dione,5
Dionne,5
Dita,5
Dixie,5
Eachelle,5
Earl,5
Editha,5
Edithe,5
Eileen,5
Eimile,5
Elicia,5
Elisha,5
Erica,5
Ericka,5
Ertha,5
Estel,5
Esther,5
Ethyl,5
Fae,5
Fiann,5
Fidela,5
Fifine,5
Filia,5
Filide,5
Fina,5
Fiona,5
Gabriel,5
Gae,5
Gail,5
Gayel,5
Giana,5
Gil,5
Gilda,5
Gill,5
Gillan,5
Gillie,5
Gina,5
Ginger,5
Ginnie,5
Gisela,5
Gisele,5
Gizela,5
Gretal,5
Gretel,5
Grethel,5
Grissel,5
Hal,5
Hazel,5
Hilary,5
Hilda,5
Hilde,5
Hillary,5
Hinda,5
Isabel,5
Isobel,5
Izabel,5
Jackie,5
Jacques,5
Jamaal,5
Janel,5
Jannel,5
Jewel,5
Jill,5
Jillana,5
Jillane,5
Jilleen,5
Jillie,5
Jimmie,5
Joice,5
Kacey,5
Kacie,5
Kaela,5
Karel,5
Katha,5
Kathe,5
Kathie,5
Kathye,5
Kecia,5
Kiah,5
Kiele,5
Kiley,5
Kimmie,5
Kinna,5
Kippie,5
Kira,5
Kirbee,5
Kirbie,5
Kirsten,5
Kissee,5
Kissie,5
Kittie,5
Kizzee,5
Kizzie,5
Koral,5
Kristal,5
Kristel,5
Lacee,5
Lacey,5
Lacie,5
Lanae,5
Lashay,5
Laural,5
Laurel,5
Leigha,5
Leisha,5
Leonel,5
Lia,5
Lian,5
Liana,5
Liane,5
Lianne,5
Libbey,5
Libbie,5
Librada,5
Lida,5
Lidia,5
Liesa,5
Lil,5
Lila,5
Lilah,5
Lilas,5
Lilia,5
Lilian,5
Liliane,5
Lilias,5
Lilla,5
Lilyan,5
Lina,5
Linda,5
Lindie,5
Lindsey,5
Linea,5
Linell,5
Linet,5
Linnea,5
Linnell,5
Linnet,5
Linnie,5
Lira,5
Lisa,5
Lise,5
Lissa,5
Lissie,5
Lita,5
Liuka,5
Liva,5
Livia,5
Livvie,5
Liza,5
Lizzie,5
Luce,5
Lucia,5
Luciana,5
Lucie,5
Lucine,5
Lyndel,5
Mab,5
Mable,5
Mack,5
Macy,5
Mada,5
Maddie,5
Madge,5
Madlen,5
Mady,5
Maegan,5
Mag,5
Magan,5
Magda,5
Magdaia,5
Magdalen,5
Maggee,5
Maggie,5
Mahalia,5
Maia,5
Maible,5
Maiga,5
Maighdiln,5
Mair,5
Maire,5
Maisey,5
Maisie,5
Mala,5
Malia,5
Malva,5
Mame,5
Mamie,5
Mammie,5
Manda,5
Mandie,5
Manuela,5
Manya,5
Mara,5
Marcela,5
Marchelle,5
Marcia,5
Marcie,5
Marcile,5
Mareah,5
Maren,5
Marga,5
Margalo,5
Margaret,5
Margaux,5
Marge,5
Marget,5
Margie,5
Margret,5
Mari,5
Maria,5
Mariam,5
Marian,5
Mariana,5
Mariann,5
Marice,5
Marie,5
Mariele,5
Marilee,5
Marisela,5
Marj,5
Marja,5
Marje,5
Marjie,5
Marla,5
Marlane,5
Marlee,5
Marleen,5
Marley,5
Marlie,5
Marlo,5
Marna,5
Marne,5
Marney,5
Marnie,5
Marsha,5
Marta,5
Martha,5
Marthe,5
Martie,5
Mary,5
Marya,5
Maryann,5
Maryl,5
Marylee,5
Matthew,5
Mattie,5
Maud,5
Maude,5
Maudie,5
Maura,5
Maure,5
Maureen,5
Mavra,5
Max,5
Maxi,5
Maxie,5
Maxine,5
Maxy,5
May,5
Maye,5
Mead,5
Meade,5
Meagan,5
Meaghan,5
Meara,5
Meg,5
Megan,5
Megen,5
Meggie,5
Mehetabel,5
Mei,5
Mela,5
Melany,5
Melba,5
Mella,5
Mellie,5
Melodee,5
Melva,5
Mercedes,5
Mercie,5
Merilee,5
Merl,5
Merla,5
Merle,5
Merna,5
Merralee,5
Merrie,5
Merrill,5
Mersey,5
Meryl,5
Meta,5
Mi,5
Mignon,5
Milagro,5
Mildrid,5
Milena,5
Milicent,5
Milli,5
Milly,5
Mimi,5
Min,5
Mindy,5
Minerva,5
Minetta,5
Minette,5
Minni,5
Minnnie,5
Minny,5
Miof,5
Mirabella,5
Mirabelle,5
Miranda,5
Mireielle,5
Mireille,5
Mirella,5
Mirelle,5
Mirilla,5
Missy,5
Misti,5
Misty,5
Mitzi,5
Mohammed,5
Moina,5
Moira,5
Moll,5
Mollee,5
Mollie,5
Mona,5
Monah,5
Monica,5
Mora,5
Moreen,5
Morgan,5
Morgana,5
Morgen,5
Moria,5
Moriah,5
Morna,5
Moyna,5
Moyra,5
Muire,5
Mureil,5
Myra,5
Myrah,5
Myriam,5
Myrle,5
Myrna,5
Myrta,5
Myrtie,5
Myrtle,5
Neal,5
Nicki,5
Nicky,5
Nicola,5
Nicoli,5
Nicolle,5
Nike,5
Nikkie,5
Nilda,5
Nina,5
Nissa,5
Nisse,5
Nissie,5
Nita,5
Nixie,5
Noel,5
Opal,5
Orel,5
Otha,5
Paul,5
Pearl,5
Phil,5
Pia,5
Pier,5
Piper,5
Pippa,5
Rachelle,5
Rae,5
Rafaela,5
Rakel,5
Raquel,5
Raul,5
Renae,5
Retha,5
Rhea,5
Riane,5
Rici,5
Ricki,5
Ricky,5
Riley,5
Rina,5
Risa,5
Rita,5
Riva,5
Rivalee,5
Rivkah,5
Roch,5
Rochella,5
Rochelle,5
Rosabel,5
Ruthann,5
Ruthe,5
Ruthie,5
Rycca,5
Sal,5
Samual,5
Sascha,5
Sasha,5
Shad,5
Shana,5
Shanae,5
Shane,5
Shanell,5
Shani,5
Shara,5
Sharell,5
Shari,5
Sharla,5
Sharyl,5
Shaun,5
Shawn,5
Shay,5
Shayla,5
Shea,5
Sheela,5
Shela,5
Shell,5
Sher,5
Shirl,5
Siana,5
Sibbie,5
Sibley,5
Sibyl,5
Sidoney,5
Silas,5
Sile,5
Sileas,5
Silva,5
Silvana,5
Silvie,5
Simone,5
Sina,5
Sindee,5
Siobhan,5
Sisely,5
Sisile,5
Sissie,5
Siusan,5
Sophey,5
Sophie,5
Sorcha,5
Sydel,5
Tasha,5
Teisha,5
Thad,5
Thanh,5
Thea,5
Theo,5
Tiara,5
Tiena,5
Tierney,5
Tiffani,5
Tiffany,5
Tiffie,5
Tilda,5
Tildie,5
Tillie,5
Timmie,5
Tina,5
Tine,5
Tiphanie,5
Tish,5
Tricia,5
Trisha,5
Val,5
Vicki,5
Vicky,5
Vida,5
Vilma,5
Vina,5
Vince,5
Vinnie,5
Viola,5
Viole,5
Violet,5
Virgie,5
Vita,5
Vitia,5
Viva,5
Vivia,5
Vivian,5
Viviana,5
Vivie,5
Vivien,5
Vivyan,5
Wileen,5
Wilie,5
Willa,5
Willie,5
Wilma,5
Wilone,5
Winna,5
Winnah,5
Winne,5
Winnie,5
Xiao,5
Ysabel,5
Zachery,5
Zahara,5
Zia,5
Zita,5
Aaren,6
Abbe,6
Abbey,6
Abbie,6
Abbye,6
Abigale,6
Abra,6
Abraham,6
Ada,6
Adah,6
Adam,6
Adan,6
Adara,6
Adda,6
Addia,6
Addie,6
Adela,6
Adele,6
Adelle,6
Adena,6
Adey,6
Adiana,6
Adina,6
Adora,6
Adore,6
Adoree,6
Adorne,6
Adrea,6
Adria,6
Adriaens,6
Adrian,6
Adriana,6
Adriane,6
Aeriela,6
Aeriell,6
Agace,6
Agata,6
Agatha,6
Agathe,6
Aggie,6
Agna,6
Agnes,6
Agnese,6
Aigneis,6
Aili,6
Ailina,6
Ailis,6
Ailsun,6
Ailyn,6
Ainslie,6
Aja,6
Ajay,6
Akilah,6
Alaine,6
Alan,6
Alana,6
Alanah,6
Alane,6
Alayne,6
Alda,6
Alecia,6
Aleda,6
Aleece,6
Aleen,6
Alena,6
Alene,6
Aleta,6
Alethea,6
Alex,6
Alexa,6
Alfie,6
Alia,6
Alida,6
Alidia,6
Alie,6
Alika,6
Alikee,6
Alina,6
Aline,6
Alisa,6
Alissa,6
Aliza,6
Alla,6
Allan,6
Alleen,6
Allene,6
Allie,6
Allyce,6
Alma,6
Almire,6
Aloise,6
Alta,6
Alyce,6
Alycia,6
Alyda,6
Alysa,6
Alyse,6
Amada,6
Amado,6
Amalea,6
Amalee,6
Amalie,6
Amalle,6
Amara,6
Amata,6
Amber,6
Ame,6
Amelie,6
Amie,6
Amil,6
Amitie,6
Amye,6
Ana,6
Andee,6
Andeee,6
Anderea,6
Andie,6
Andra,6
Andrea,6
Andree,6
Andrei,6
Anet,6
Anette,6
Ange,6
Angela,6
Angele,6
Angelo,6
Angie,6
Angil,6
Ania,6
Anissa,6
Anita,6
Anitra,6
Anjela,6
Anna,6
Annabal,6
Annabela,6
Annabell,6
Annalee,6
Anne,6
Annice,6
Annie,6
Ansley,6
Anthia,6
Anthony,6
Antwan,6
Anya,6
April,6
Ara,6
Arabela,6
Arabele,6
Araceli,6
Arda,6
Ardath,6
Ardeen,6
Arden,6
Ardene,6
Ardine,6
Ardra,6
Ardyce,6
Aretha,6
Ariadne,6
Ariana,6
Arianne,6
Ariela,6
Arielle,6
Arlana,6
Arlee,6
Arleen,6
Arlen,6
Arlene,6
Arlie,6
Arline,6
Arlyne,6
Ashia,6
Ashla,6
Ashlan,6
Ashli,6
Ashlie,6
Ashly,6
Asia,6
Astra,6
Athena,6
Athene,6
Aubine,6
Aubree,6
Aubrey,6
Aubrie,6
Audie,6
Audra,6
Audre,6
Audrey,6
Audrie,6
Audrye,6
Aundrea,6
Aura,6
Aurea,6
Aurelea,6
Auria,6
Aurie,6
Aurlie,6
Aurore,6
Ava,6
Averil,6
Averyl,6
Avie,6
Aviva,6
Avivah,6
Avril,6
Bab,6
Babara,6
Babb,6
Babbie,6
Babs,6
Bambie,6
Barb,6
Barbara,6
Barbe,6
Barbee,6
Barbey,6
Barbie,6
Bari,6
Barney,6
Barrie,6
Basia,6
Basil,6
Bea,6
Beau,6
Bebe,6
Becki,6
Becky,6
Bee,6
Beilul,6
Belia,6
Belicia,6
Bell,6
Bella,6
Belle,6
Belva,6
Bennie,6
Beret,6
Berget,6
Berna,6
Bernie,6
Berrie,6
Berta,6
Berte,6
Bertha,6
Berthe,6
Bertie,6
Beryl,6
Beryle,6
Bessie,6
Beth,6
Bethanie,6
Bethanne,6
Bethena,6
Bethina,6
Betsey,6
Betta,6
Bette,6
Bettye,6
Beulah,6
Bev,6
Bianca,6
Bianka,6
Bibby,6
Bibi,6
Biddy,6
Bili,6
Billi,6
Billy,6
Binni,6
Binny,6
Bird,6
Birgit,6
Blair,6
Blaire,6
Blake,6
Blancha,6
Blanche,6
Blinnie,6
Blisse,6
Blondell,6
Blythe,6
Bobbe,6
Bobbee,6
Bobbie,6
Bobbye,6
Bobine,6
Bonnee,6
Bonnie,6
Boyce,6
Bradly,6
Brady,6
Brana,6
Brande,6
Brandea,6
Brear,6
Bree,6
Bren,6
Brena,6
Bria,6
Brian,6
Briana,6
Brianne,6
Bride,6
Bridget,6
Bridie,6
Brier,6
Brina,6
Briney,6
Brinna,6
Brita,6
Britney,6
Britta,6
Brittan,6
Brittaney,6
Brittani,6
Brittany,6
Britte,6
Brittne,6
Brittney,6
Brooke,6
Bryana,6
Bryna,6
Brynne,6
Bunnie,6
Buster,6
Cacilia,6
Cacilie,6
Cahra,6
Caleb,6
Calla,6
Calley,6
Calli,6
Callie,6
Cally,6
Cam,6
Camala,6
Cami,6
Camile,6
Cammie,6
Candace,6
Candie,6
Cara,6
Caren,6
Carey,6
Cari,6
Caria,6
Carie,6
Caril,6
Carine,6
Carla,6
Carlee,6
Carleen,6
Carlen,6
Carley,6
Carlie,6
Carly,6
Carlye,6
Carma,6
Carmela,6
Carmelo,6
Carmen,6
Caro,6
Carol,6
Carole,6
Carolee,6
Caroll,6
Carree,6
Carrie,6
Carroll,6
Cary,6
Caryl,6
Casey,6
Casi,6
Casie,6
Cass,6
Cassey,6
Cassie,6
Cate,6
Cathi,6
Cathleen,6
Cathlene,6
Cathrin,6
Cathryn,6
Cathy,6
Cati,6
Catie,6
Catlee,6
Caty,6
Caye,6
Cayla,6
Cecelia,6
Cecilia,6
Cecilla,6
Cecily,6
Ceil,6
Cele,6
Celene,6
Celia,6
Celie,6
Celine,6
Celka,6
Celle,6
Celsa,6
Cesya,6
Chanda,6
Chandal,6
Channa,6
Chantal,6
Charin,6
Charis,6
Charlot,6
Chelsae,6
Chelsea,6
Chelsey,6
Chelsy,6
Chere,6
Cherey,6
Cheri,6
Cherie,6
Chery,6
Cherye,6
Cheryl,6
Chicky,6
Chlo,6
Chloe,6
Chris,6
Christabel,6
Christal,6
Christel,6
Chrystel,6
Chu,6
Cindelyn,6
Cindi,6
Cindra,6
Cindy,6
Cinnamon,6
Cissy,6
Clair,6
Claire,6
Clara,6
Clare,6
Clarey,6
Clari,6
Claribel,6
Clarie,6
Clary,6
Claude,6
Clea,6
Clem,6
Cleo,6
Cloe,6
Codee,6
Codie,6
Cole,6
Coleen,6
Colene,6
Colleen,6
Collen,6
Collie,6
Conchita,6
Connie,6
Conrad,6
Consuela,6
Consuelo,6
Cookie,6
Cooper,6
Cora,6
Cordey,6
Cordie,6
Coreen,6
Corene,6
Corey,6
Corie,6
Corine,6
Cornela,6
Cornie,6
Correy,6
Corrie,6
Cortney,6
Craig,6
Crissie,6
Crista,6
Cristen,6
Cristie,6
Crystal,6
Cybil,6
Cybill,6
Cymbre,6
Cynde,6
Cyndie,6
Cynthea,6
Cynthie,6
Cyril,6
Dacy,6
Daffie,6
Dagmar,6
Dahlia,6
Daile,6
Daisey,6
Daisie,6
Dale,6
Dalia,6
Dallas,6
Damara,6
Dana,6
Dane,6
Danell,6
Dani,6
Dania,6
Danica,6
Danice,6
Daniela,6
Daniele,6
Danna,6
Dannie,6
Dannye,6
Danya,6
Daphene,6
Daphna,6
Dara,6
Darb,6
Darbie,6
Darcee,6
Darcey,6
Darcie,6
Darda,6
Dareen,6
Darell,6
Daren,6
Dari,6
Daria,6
Darice,6
Darla,6
Darleen,6
Darnell,6
Darrell,6
Darryl,6
Darsey,6
Darsie,6
Darya,6
Daryl,6
Dasi,6
Dasie,6
Dasya,6
Daune,6
Daveen,6
Davine,6
Dawn,6
Dawna,6
Dayle,6
Dayna,6
Ddene,6
De,6
Dean,6
Deana,6
Deane,6
Deanne,6
Deb,6
Debbie,6
Debee,6
Debra,6
Dede,6
Dedie,6
Dedra,6
Dee,6
Deeann,6
Deedee,6
Deena,6
Dehlia,6
Deidra,6
Deidre,6
Deina,6
Deirdre,6
Dela,6
Delcine,6
Delia,6
Dell,6
Della,6
Delmar,6
Delores,6
Demeter,6
Dena,6
Denice,6
Denise,6
Denna,6
Dennie,6
Denyse,6
Deonne,6
Desirae,6
Desiree,6
Deva,6
Devan,6
Di,6
Diandra,6
Dianna,6
Diannne,6
Didi,6
Dido,6
Dierdre,6
Dinny,6
Dion,6
Dionis,6
Dix,6
Dniren,6
Dode,6
Dodie,6
Doe,6
Doll,6
Dolley,6
Dollie,6
Dolores,6
Dona,6
Donia,6
Donica,6
Donna,6
Donnie,6
Dora,6
Dorcas,6
Dore,6
Doreen,6
Dorene,6
Dorey,6
Doria,6
Dorian,6
Dorice,6
Dorie,6
Dorine,6
Dorise,6
Dorotea,6
Dorree,6
Dorrie,6
Dorsey,6
Dorthea,6
Dottie,6
Doyle,6
Dre,6
Drona,6
Drucie,6
Drucill,6
Drusie,6
Duane,6
Dulce,6
Dulcea,6
Dulcia,6
Dulciana,6
Dulcie,6
Dulcine,6
Dulcinea,6
Dulsea,6
Duncan,6
Dwain,6
Dwayne,6
Dyan,6
Dyana,6
Dyane,6
Dyann,6
Dyanne,6
Dyna,6
Dynah,6
Eada,6
Eadie,6
Eartha,6
Easter,6
Eba,6
Ebba,6
Ebonee,6
Eda,6
Eddie,6
Ede,6
Edee,6
Eden,6
Edie,6
Edita,6
Edith,6
Ediva,6
Edna,6
Edythe,6
Effie,6
Eilis,6
Eirena,6
Elaine,6
Elana,6
Elane,6
Elayne,6
Eleen,6
Elena,6
Elene,6
Elfie,6
Elga,6
Elias,6
Elie,6
Elijah,6
Elinore,6
Elisa,6
Elisabet,6
Elise,6
Elissa,6
Elita,6
Eliza,6
Elizabet,6
Elka,6
Elke,6
Ella,6
Ellan,6
Elle,6
Ellen,6
Ellene,6
Ellie,6
Elmer,6
Elna,6
Elnore,6
Eloise,6
Elora,6
Elsa,6
Else,6
Elset,6
Elsey,6
Elsie,6
Elva,6
Elyse,6
Elysee,6
Elysha,6
Ema,6
Emalee,6
Emera,6
Emerald,6
Emil,6
Emile,6
Emilee,6
Emilia,6
Emilie,6
Emiline,6
Emma,6
Emmalee,6
Emmanuel,6
Emmey,6
Emmie,6
Emmye,6
Emyle,6
Emylee,6
Enrica,6
Eran,6
Erda,6
Erena,6
Eric,6
Erika,6
Erina,6
Erinna,6
Erma,6
Erna,6
Ernie,6
Errol,6
Esma,6
Esme,6
Essa,6
Essie,6
Esta,6
Estele,6
Estell,6
Ester,6
Ethelda,6
Ethelin,6
Ethelyn,6
Etta,6
Ettie,6
Eugene,6
Eugine,6
Eula,6
Euna,6
Eunice,6
Eva,6
Evaleen,6
Evanne,6
Eve,6
Eveleen,6
Evey,6
Evie,6
Evita,6
Evonne,6
Evvie,6
Eyde,6
Eydie,6
Ezra,6
Faina,6
Faith,6
Fan,6
Fanchon,6
Fancie,6
Fania,6
Fannie,6
Fanya,6
Fara,6
Farah,6
Farand,6
Farica,6
Farra,6
Farrah,6
Farrand,6
Faun,6
Faunie,6
Fawn,6
Fawne,6
Fay,6
Faye,6
Fayre,6
Faythe,6
Felicdad,6
Felice,6
Felicia,6
Felicle,6
Felipe,6
Felisha,6
Ferne,6
Fey,6
Fianna,6
Fidelia,6
Fifi,6
Filippa,6
Fionna,6
Fionnula,6
Flora,6
Flore,6
Florie,6
Fran,6
Frances,6
Frank,6
Fred,6
Freda,6
Frieda,6
Gabbey,6
Gabbie,6
Gabey,6
Gabi,6
Gabie,6
Gabriela,6
Gabriell,6
Gaby,6
Gale,6
Garland,6
Garnet,6
Garret,6
Gates,6
Gavra,6
Gay,6
Gaye,6
Gayla,6
Gayle,6
Gayleen,6
Gelya,6
Gena,6
Gene,6
Genia,6
Genna,6
Gennie,6
George,6
Gerda,6
Germain,6
German,6
Germana,6
Gerrie,6
Gerta,6
Gertie,6
Giacinta,6
Gianina,6
Gianna,6
Gigi,6
Gilli,6
Gillian,6
Gilly,6
Ginelle,6
Ginevra,6
Ginni,6
Ginnifer,6
Ginny,6
Giorgia,6
Giovanna,6
Giovanni,6
Gipsy,6
Giralda,6
Gisella,6
Giselle,6
Giulia,6
Glad,6
Gladi,6
Gleda,6
Glen,6
Golda,6
Golden,6
Goldie,6
Grace,6
Gracia,6
Gracie,6
Grady,6
Graig,6
Grata,6
Gray,6
Grayce,6
Greer,6
Greta,6
Gretchen,6
Grete,6
Grier,6
Guinna,6
Gussie,6
Gusta,6
Gustavo,6
Gustie,6
Gwen,6
Gwynne,6
Hailee,6
Haily,6
Haley,6
Hali,6
Halie,6
Halley,6
Halli,6
Hallie,6
Hally,6
Han,6
Hana,6
Hanna,6
Hannah,6
Hannie,6
Harlan,6
Harley,6
Harli,6
Harlie,6
Harrie,6
Harriet,6
Harvey,6
Hassan,6
Hattie,6
Hayley,6
Heath,6
Heather,6
Heda,6
Hedda,6
Heddie,6
Hee,6
Heida,6
Heidie,6
Helen,6
Helene,6
Helga,6
Helge,6
Helsa,6
Henka,6
Henrie,6
Herta,6
Hertha,6
Hester,6
Hesther,6
Hettie,6
Hildy,6
Hilliary,6
Hoa,6
Hollie,6
Honey,6
Hope,6
Horace,6
Hosea,6
Howard,6
Hulda,6
Hye,6
Hynda,6
Ian,6
Ianthe,6
Ibbie,6
Ida,6
Idell,6
Idelle,6
Idette,6
Ike,6
Ileana,6
Ileane,6
Ilene,6
Ilise,6
Ilka,6
Illa,6
Ilona,6
Ilsa,6
Ilse,6
Ilysa,6
Ilyse,6
Imogen,6
Ina,6
Inell,6
Ines,6
Inez,6
Inga,6
Inge,6
Inger,6
Inna,6
Iona,6
Ira,6
Irena,6
Irene,6
Irina,6
Irita,6
Irma,6
Isa,6
Isahella,6
Iseabal,6
Issie,6
Ivan,6
Ivette,6
Ivie,6
Ivonne,6
Ja,6
Jacelyn,6
Jacenta,6
Jacinda,6
Jacinta,6
Jackelyn,6
Jacki,6
Jacklin,6
Jacklyn,6
Jacky,6
Jaclin,6
Jaclyn,6
Jacob,6
Jacquelin,6
Jacquelyn,6
Jacqui,6
Jacquie,6
Jacynth,6
Jada,6
Jade,6
Jaime,6
Jaimee,6
Jaimie,6
Jaine,6
Jake,6
Jamar,6
Jamee,6
James,6
Jami,6
Jamie,6
Jammie,6
Jan,6
Jana,6
Janay,6
Janaya,6
Janaye,6
Jane,6
Janean,6
Janee,6
Janeen,6
Janela,6
Janene,6
Janet,6
Janey,6
Jani,6
Jania,6
Janice,6
Janie,6
Janifer,6
Janine,6
Janise,6
Janka,6
Janna,6
January,6
Jany,6
Janyce,6
Jay,6
Jayme,6
Jaymee,6
Jayna,6
Jayne,6
Jaynell,6
Jean,6
Jeana,6
Jeane,6
Jeanie,6
Jeanne,6
Jed,6
Jeffrey,6
Jehanna,6
Jelene,6
Jemie,6
Jemmie,6
Jen,6
Jena,6
Jenda,6
Jenica,6
Jenifer,6
Jenilee,6
Jenine,6
Jenna,6
Jennee,6
Jennie,6
Jeralee,6
Jeramy,6
Jere,6
Jerrie,6
Jessa,6
Jesse,6
Jessie,6
Jewell,6
Jillayne,6
Jillene,6
Jilli,6
Jillian,6
Jilly,6
Jinny,6
Joan,6
Joana,6
Joane,6
Joanie,6
Joann,6
Joanne,6
Joannes,6
Jobey,6
Jobie,6
Jobye,6
Jocelin,6
Jocelyn,6
Jodee,6
Jodie,6
Joeann,6
Joela,6
Joelie,6
Joell,6
Joelle,6
Joellen,6
Joete,6
Joey,6
Johanna,6
Johna,6
Johnath,6
Johnna,6
Jolee,6
Joleen,6
Jolene,6
Jolie,6
Joline,6
Jonell,6
Jonie,6
Jonnie,6
Jordain,6
Jordan,6
Jordana,6
Jorey,6
Jorge,6
Jorie,6
Jorrie,6
Josee,6
Josey,6
Josie,6
Jospeh,6
Jovan,6
Joya,6
Joyan,6
Joyann,6
Joyce,6
Joye,6
Juana,6
Judie,6
Juditha,6
Judye,6
Juieta,6
Julee,6
Julia,6
Juliana,6
Juliane,6
Juliann,6
Julie,6
Juliet,6
Juline,6
June,6
Junia,6
Junie,6
Kacy,6
Kai,6
Kaia,6
Kaila,6
Kaile,6
Kailey,6
Kaja,6
Kala,6
Kali,6
Kalie,6
Kalli,6
Kally,6
Kami,6
Kandace,6
Kania,6
Kanya,6
Kara,6
Karalee,6
Kare,6
Karee,6
Karen,6
Kari,6
Karia,6
Karie,6
Karil,6
Karine,6
Karla,6
Karlee,6
Karleen,6
Karlen,6
Karlie,6
Karly,6
Karmen,6
Karna,6
Karol,6
Karole,6
Karrah,6
Karrie,6
Kary,6
Karyl,6
Kasey,6
Kasi,6
Kass,6
Kassey,6
Kassie,6
Kat,6
Kata,6
Kate,6
Katee,6
Katey,6
Kath,6
Katharyn,6
Kathi,6
Kathleen,6
Kathlin,6
Kathryn,6
Kathy,6
Kati,6
Katie,6
Katine,6
Katleen,6
Kattie,6
Katy,6
Katya,6
Kay,6
Kaycee,6
Kaye,6
Kayla,6
Kayle,6
Kaylee,6
Kayley,6
Kaylil,6
Keeley,6
Keely,6
Kelcey,6
Kelcie,6
Kellen,6
Kelley,6
Kellie,6
Kelsey,6
Kendre,6
Kenna,6
Keriann,6
Kerrie,6
Kerrill,6
Kesley,6
Keslie,6
Kettie,6
Keven,6
Ki,6
Kiersten,6
Kikelia,6
Kim,6
Kimberli,6
Kimberly,6
Kimbra,6
Kimi,6
Kimmi,6
Kimmy,6
Kip,6
Kipp,6
Kippy,6
Kirby,6
Kiri,6
Kirsteni,6
Kirsti,6
Kirstin,6
Kirstyn,6
Kissiah,6
Kit,6
Kitti,6
Kitty,6
Klara,6
Kora,6
Koralle,6
Kore,6
Koren,6
Korie,6
Korney,6
Korrie,6
Kortney,6
Krishna,6
Krissie,6
Krista,6
Kristan,6
Kriste,6
Kristen,6
Kristien,6
Krystal,6
Kyla,6
Kyle,6
Kylee,6
Kylen,6
Kylie,6
La,6
Lacy,6
Laina,6
Lainey,6
Lamar,6
Lana,6
Lance,6
Lane,6
Laney,6
Lani,6
Lanie,6
Lanna,6
Lara,6
Lari,6
Larine,6
Lark,6
Latia,6
Laticia,6
Latisha,6
Laura,6
Lauralee,6
Laure,6
Lauree,6
Laureen,6
Lauren,6
Laurie,6
Lawana,6
Layla,6
Layne,6
Layney,6
Lea,6
Leah,6
Leana,6
Leann,6
Lebbie,6
Leda,6
Lee,6
Leeann,6
Leela,6
Leelah,6
Leena,6
Leesa,6
Leese,6
Legra,6
Leia,6
Leigh,6
Leila,6
Leilah,6
Lela,6
Lelah,6
Leland,6
Lelia,6
Lena,6
Lenee,6
Lenka,6
Lenna,6
Lenore,6
Leoine,6
Leola,6
Leoma,6
Leona,6
Leone,6
Leonie,6
Leora,6
Leshia,6
Lesley,6
Leslie,6
Lester,6
Lesya,6
Leta,6
Lethia,6
Leticia,6
Letisha,6
Letta,6
Lettie,6
Lexie,6
Lexine,6
Leyla,6
Lezlie,6
Lianna,6
Lib,6
Libbi,6
Libby,6
Lilith,6
Lilli,6
Lillian,6
Lillis,6
Lilllie,6
Lilly,6
Lily,6
Lin,6
Lincoln,6
Lind,6
Lindi,6
Lindsay,6
Lindsy,6
Lindy,6
Linette,6
Linn,6
Lino,6
Linzy,6
Lisabeth,6
Lisbeth,6
Lisetta,6
Lisette,6
Lissi,6
Lissy,6
Liv,6
Livvy,6
Livvyy,6
Livy,6
Liz,6
Lizabeth,6
Lizbeth,6
Lizette,6
Lizzy,6
Loise,6
Lola,6
Lona,6
Londa,6
Lonee,6
Lonna,6
Lonnie,6
Lora,6
Lorain,6
Loralee,6
Lorean,6
Loree,6
Loreen,6
Lorelei,6
Loren,6
Lorene,6
Loria,6
Loriann,6
Lorie,6
Lorilee,6
Lorine,6
Lorna,6
Lorne,6
Lorrie,6
Lotta,6
Lotte,6
Lottie,6
Louie,6
Louise,6
Lovie,6
Luci,6
Lucila,6
Lucilia,6
Lucilla,6
Lucille,6
Lucina,6
Lucinda,6
Lucita,6
Lucky,6
Lucy,6
Luelle,6
Luisa,6
Luise,6
Lula,6
Lupe,6
Lura,6
Lurleen,6
Lusa,6
Lyda,6
Lydia,6
Lydie,6
Lyle,6
Lynda,6
Lynde,6
Lyndell,6
Lyndsey,6
Lynea,6
Lynna,6
Lynne,6
Lynnea,6
Lynnell,6
Lynnet,6
Lynsey,6
Lyssa,6
Mabelle,6
Madalena,6
Madalyn,6
Maddalena,6
Maddi,6
Maddy,6
Madelena,6
Madelene,6
Madelin,6
Madella,6
Madelle,6
Madelon,6
Madelyn,6
Madlin,6
Madonna,6
Magdalena,6
Magdalene,6
Maggi,6
Maggy,6
Maitilde,6
Major,6
Malanie,6
Malena,6
Malik,6
Malina,6
Malinda,6
Malinde,6
Malissa,6
Mallory,6
Malorie,6
Malory,6
Malvina,6
Malynda,6
Mandi,6
Mandy,6
Manon,6
Marcelia,6
Marcella,6
Marcelle,6
Marci,6
Marcille,6
Marcos,6
Marcy,6
Marena,6
Maressa,6
Margalit,6
Margareta,6
Margarete,6
Margarett,6
Margeaux,6
Margery,6
Margi,6
Margit,6
Margo,6
Margot,6
Margy,6
Marianna,6
Marianne,6
Maribelle,6
Maribeth,6
Marieann,6
Marielle,6
Mariellen,6
Mariette,6
Marigold,6
Marijo,6
Marika,6
Marilin,6
Marilou,6
Marilyn,6
Marin,6
Marina,6
Marinda,6
Marinna,6
Marion,6
Maris,6
Marisa,6
Mariska,6
Marissa,6
Marita,6
Maritsa,6
Mariya,6
Marji,6
Marjory,6
Marjy,6
Marketa,6
Markus,6
Marleah,6
Marlena,6
Marlene,6
Marline,6
Marlyn,6
Marni,6
Marnia,6
Marquis,6
Marrilee,6
Marris,6
Marsiella,6
Martelle,6
Marthena,6
Marti,6
Martica,6
Martina,6
Martita,6
Marty,6
Maryanna,6
Maryanne,6
Marybelle,6
Marybeth,6
Maryjane,6
Maryjo,6
Marylin,6
Marylou,6
Marys,6
Marysa,6
Matelda,6
Mathilda,6
Mathilde,6
Matilda,6
Matilde,6
Matti,6
Matty,6
Maureene,6
Maurene,6
Maurice,6
Maurine,6
Maurise,6
Maurita,6
Mavis,6
Maximo,6
Maybelle,6
Meggi,6
Meggy,6
Melamie,6
Melania,6
Melanie,6
Melesa,6
Melessa,6
Melicent,6
Melina,6
Melinda,6
Melinde,6
Melisa,6
Melisent,6
Melissa,6
Melisse,6
Melita,6
Melitta,6
Melli,6
Mellisa,6
Melloney,6
Melly,6
Melodie,6
Melody,6
Melonie,6
Melony,6
Melosa,6
Mendy,6
Merci,6
Mercy,6
Merilyn,6
Meris,6
Merissa,6
Merlina,6
Merline,6
Merola,6
Merrielle,6
Merrile,6
Merrilee,6
Merrili,6
Merrily,6
Merry,6
Mignonne,6
Miguelita,6
Milissent,6
Millicent,6
Millisent,6
Modesta,6
Modesto,6
Modesty,6
Molli,6
Molly,6
Mommy,6
Monika,6
Monique,6
Monty,6
Morena,6
Morganne,6
Morissa,6
Morton,6
Moselle,6
Mozelle,6
Muffin,6
Mufi,6
Mufinella,6
Murielle,6
Myranda,6
Myrilla,6
Myrlene,6
Myrtia,6
Myrtice,6
Nada,6
Nadean,6
Nadeen,6
Nadia,6
Nadine,6
Nady,6
Nadya,6
Nalani,6
Nan,6
Nana,6
Nance,6
Nancee,6
Nancey,6
Nancie,6
Nanete,6
Nani,6
Nanice,6
Nanine,6
Nannie,6
Naoma,6
Nara,6
Nari,6
Nat,6
Nata,6
Natala,6
Natalee,6
Nathalia,6
Nathalie,6
Nathanial,6
Natka,6
Neala,6
Neda,6
Nedda,6
Neely,6
Neida,6
Neila,6
Neile,6
Neilla,6
Neille,6
Nelia,6
Nelie,6
Nell,6
Nelle,6
Nellie,6
Nerta,6
Nerte,6
Nertie,6
Nessa,6
Nessie,6
Nesta,6
Netta,6
Nettie,6
Nettle,6
Nevsa,6
Neysa,6
Nickolas,6
Nicolette,6
Nicolina,6
Nicoline,6
Niki,6
Nikki,6
Nikolia,6
Ninetta,6
Ninette,6
Ninon,6
Nissy,6
Noami,6
Noe,6
Noelani,6
Noell,6
Noelle,6
Nola,6
Nolana,6
Nolie,6
Nollie,6
Nona,6
Nonah,6
Nonie,6
Nonna,6
Nonnah,6
Nora,6
Norah,6
Norean,6
Noreen,6
Norene,6
Norine,6
Norma,6
Norman,6
Norrie,6
Nydia,6
Nyssa,6
Octavia,6
Odele,6
Odelle,6
Odette,6
Odilia,6
Odille,6
Ofilia,6
Ola,6
Oleta,6
Olga,6
Olia,6
Olinda,6
Olive,6
Olivia,6
Olivie,6
Ollie,6
Olva,6
Olwen,6
Olympe,6
Omega,6
Omer,6
Ondrea,6
Onida,6
Oona,6
Ophelia,6
Ophelie,6
Ora,6
Oralee,6
Oralie,6
Oralla,6
Oralle,6
Orelee,6
Orelie,6
Orelle,6
Oriana,6
Orsa,6
Othelia,6
Othella,6
Page,6
Paige,6
Palmer,6
Pam,6
Pamela,6
Pammie,6
Pansie,6
Paola,6
Pat,6
Pattie,6
Paula,6
Paule,6
Pauli,6
Paulie,6
Pauly,6
Pavia,6
Pavla,6
Pearla,6
Pearle,6
Peg,6
Pegeen,6
Peggie,6
Pen,6
Pennie,6
Peria,6
Perl,6
Perla,6
Perle,6
Pet,6
Peta,6
Petra,6
Phaedra,6
Phebe,6
Phelia,6
Phillie,6
Philly,6
Phoebe,6
Pietra,6
Pippy,6
Pooh,6
Prisca,6
Prissie,6
Prue,6
Quinta,6
Quintana,6
Raeann,6
Raf,6
Rafa,6
Rafaelia,6
Raina,6
Raine,6
Rana,6
Randa,6
Randee,6
Randie,6
Ranee,6
Rani,6
Rania,6
Ranice,6
Ranna,6
Raquela,6
Rasia,6
Rasla,6
Raven,6
Ray,6
Raye,6
Rayna,6
Raynell,6
Rayshell,6
Rea,6
Reba,6
Rebe,6
Ree,6
Reeba,6
Reed,6
Reena,6
Reeta,6
Reeva,6
Regan,6
Reggie,6
Regine,6
Reina,6
Reine,6
Rema,6
Rena,6
Renata,6
Renate,6
Rene,6
Renee,6
Renell,6
Renie,6
Rennie,6
Reta,6
Revkah,6
Rey,6
Reyna,6
Rheba,6
Rheta,6
Rhoda,6
Rhodie,6
Rhody,6
Rhona,6
Riannon,6
Rianon,6
Riki,6
Rikki,6
Rivi,6
Rivy,6
Roana,6
Roanne,6
Robbie,6
Robinet,6
Rocco,6
Rochette,6
Roda,6
Rodger,6
Rodie,6
Rodney,6
Roger,6
Rolland,6
Rona,6
Ronald,6
Ronda,6
Ronica,6
Ronna,6
Ronnie,6
Rora,6
Rorie,6
Rosa,6
Rosana,6
Rose,6
Roseann,6
Rosene,6
Roshelle,6
Rosie,6
Rowe,6
Roxana,6
Roxane,6
Roxie,6
Roxine,6
Roze,6
Rozele,6
Rubia,6
Rubie,6
Russell,6
Ruth,6
Ruthanne,6
Ruthi,6
Ruthy,6
Ryann,6
Saba,6
Sabine,6
Sabra,6
Sada,6
Sadie,6
Sadye,6
Saidee,6
Sallee,6
Salli,6
Sallie,6
Sally,6
Salome,6
Sam,6
Samara,6
Sammie,6
Sande,6
Sandie,6
Sandye,6
Sara,6
Saraann,6
Sarah,6
Saree,6
Sarene,6
Sari,6
Sarine,6
Sayre,6
Scarlet,6
Scotty,6
Sean,6
Seana,6
Seka,6
Sela,6
Selene,6
Selia,6
Selie,6
Seline,6
Sella,6
Selle,6
Selma,6
Sena,6
Sephira,6
Serene,6
Shaina,6
Shaine,6
Shalna,6
Shalne,6
Shanda,6
Shandee,6
Shandy,6
Shaneka,6
Shanie,6
Shanna,6
Shannen,6
Shanon,6
Shanta,6
Shantee,6
Shantell,6
Sharai,6
Sharia,6
Sharon,6
Sharri,6
Shauna,6
Shawna,6
Shawnee,6
Shaylah,6
Shaylyn,6
Shayna,6
Shayne,6
Sheba,6
Sheelah,6
Sheena,6
Sheeree,6
Sheila,6
Shelagh,6
Shelba,6
Shelbi,6
Shelby,6
Shelia,6
Shella,6
Shelley,6
Shelli,6
Shelly,6
Shena,6
Sheree,6
Sheri,6
Sherie,6
Sherill,6
Sherye,6
Sheryl,6
Shina,6
Shir,6
Shirlee,6
Shirleen,6
Shirley,6
Shon,6
Shoshana,6
Shu,6
Shyla,6
Sianna,6
Sib,6
Sibby,6
Sibella,6
Sibelle,6
Sibilla,6
Sibylla,6
Sibylle,6
Sidonia,6
Sierra,6
Sigrid,6
Silvia,6
Simona,6
Simonne,6
Sioux,6
Siouxie,6
Sissy,6
Sofia,6
Sofie,6
Sona,6
Sonia,6
Sonja,6
Sonnie,6
Sonya,6
Sophi,6
Sophia,6
Stace,6
Stacee,6
Stacey,6
Staci,6
Stacia,6
Stacie,6
Stacy,6
Stafani,6
Stan,6
Star,6
Starla,6
Starr,6
Stefa,6
Stefan,6
Stefany,6
Stepha,6
Stephana,6
Stephani,6
Stephie,6
Stesha,6
Stevana,6
Stuart,6
Sue,6
Suellen,6
Sukey,6
Sula,6
Susan,6
Susana,6
Susann,6
Susie,6
Suzann,6
Suzie,6
Sybil,6
Sybyl,6
Sydney,6
Tabbie,6
Tabitha,6
Talia,6
Talisha,6
Tallie,6
Tally,6
Talya,6
Talyah,6
Tam,6
Tamar,6
Tamara,6
Tami,6
Tamma,6
Tammara,6
Tammie,6
Tamra,6
Tana,6
Tandie,6
Tanhya,6
Tani,6
Tania,6
Tanya,6
Tara,6
Tarah,6
Tarra,6
Tarrah,6
Tasia,6
Tate,6
Tatiana,6
Tawsha,6
Ted,6
Tedda,6
Teddie,6
Tedra,6
Teena,6
Tera,6
Terese,6
Teriann,6
Terra,6
Terrie,6
Terrye,6
Terza,6
Tessa,6
Tessie,6
Thalia,6
Theda,6
Thekla,6
Thelma,6
Theola,6
Thia,6
Thomasa,6
Tiertza,6
Tiff,6
Tiffanie,6
Tiffi,6
Tiffy,6
Tildi,6
Tildy,6
Tilly,6
Tim,6
Timi,6
Timmi,6
Timmy,6
Timothea,6
Tobe,6
Tobey,6
Tobias,6
Tobie,6
Tobye,6
Toma,6
Tomas,6
Tommie,6
Tonia,6
Tonie,6
Tonya,6
Tonye,6
Torey,6
Torie,6
Torrie,6
Tova,6
Tove,6
Toya,6
Tracee,6
Tracey,6
Traci,6
Tracie,6
Tracy,6
Tresa,6
Trescha,6
Trina,6
Trish,6
Trista,6
Trixie,6
Truda,6
Trude,6
Trudey,6
Trudie,6
Trula,6
Truman,6
Tuan,6
Twila,6
Twyla,6
Tybie,6
Tyne,6
Ula,6
Ulla,6
Ulrica,6
Ulrike,6
Una,6
Ursa,6
Ursala,6
Uta,6
Valaree,6
Vale,6
Valene,6
Valli,6
Vallie,6
Vally,6
Valma,6
Van,6
Vanda,6
Vania,6
Vanna,6
Vannie,6
Vanya,6
Vashti,6
Veda,6
Velda,6
Velma,6
Velvet,6
Vera,6
Vere,6
Verene,6
Veriee,6
Verile,6
Verine,6
Verla,6
Verlie,6
Verna,6
Vernie,6
Vertie,6
Vevay,6
Vi,6
Victoria,6
Viki,6
Vikki,6
Vikky,6
Vin,6
Vinita,6
Vinni,6
Vinny,6
Violante,6
Virgina,6
Vito,6
Vitoria,6
Viv,6
Vivi,6
Vivianna,6
Vivianne,6
Viviene,6
Viviyan,6
Vivyanne,6
Vonnie,6
Wallie,6
Wally,6
Waly,6
Wanda,6
Wandie,6
Warren,6
Wenda,6
Wendie,6
Wendye,6
Whitley,6
Whitney,6
Wilburn,6
Willabella,6
Willena,6
Willi,6
William,6
Willis,6
Willow,6
Willy,6
Willyt,6
Wilona,6
Wilow,6
Wilson,6
Windy,6
Wini,6
Winifred,6
Winni,6
Winny,6
Winona,6
Winonah,6
Wren,6
Wylma,6
Wynne,6
Wynnie,6
Xena,6
Xenia,6
Xylia,6
Yang,6
Yasmeen,6
Yetta,6
Yettie,6
Ynes,6
Ynez,6
Yolane,6
Yoshi,6
Yoshiko,6
Yvette,6
Yvonne,6
Zane,6
Zara,6
Zarah,6
Zaria,6
Zarla,6
Zea,6
Zelda,6
Zelma,6
Zena,6
Zenia,6
Zetta,6
Zilvia,6
Zitella,6
Zoe,6
Zola,6
Zonda,6
Zora,6
Zorah,6
Zorana,6
Zorine,6
Zsa,6
Zuzana,6
Aarika,7
Aaron,7
Abbi,7
Abby,7
Adaline,7
Addi,7
Addy,7
Adelaida,7
Adelaide,7
Adelheid,7
Adelice,7
Adelina,7
Adelind,7
Adeline,7
Adella,7
Adi,7
Adrianna,7
Adrianne,7
Adriena,7
Adrienne,7
Afton,7
Ag,7
Aggi,7
Aggy,7
Agnella,7
Agnesse,7
Agneta,7
Agnola,7
Agretha,7
Alameda,7
Alanna,7
Alayna,7
Alberta,7
Alberto,7
Albina,7
Aldo,7
Alexi,7
Alexia,7
Alexina,7
Alexine,7
Alexis,7
Alfi,7
Alfreda,7
Alfy,7
Ali,7
Alis,7
Alison,7
Alisun,7
Alix,7
Allegra,7
Alli,7
Allina,7
Allis,7
Allison,7
Allissa,7
Allix,7
Allsun,7
Allx,7
Ally,7
Allyn,7
Allys,7
Allyson,7
Almeda,7
Almeria,7
Almeta,7
Almira,7
Aloisia,7
Aloysia,7
Alphonse,7
Alvera,7
Alverta,7
Alvina,7
Alvinia,7
Alvira,7
Alys,7
Alysia,7
Alyson,7
Alyss,7
Alyssa,7
Amabelle,7
Amaleta,7
Amalia,7
Amalita,7
Amanda,7
Amandi,7
Amandie,7
Amandy,7
Amargo,7
Amberly,7
Ambur,7
Amelia,7
Amelina,7
Ameline,7
Amelita,7
Ami,7
Amii,7
Amity,7
Amy,7
Anabella,7
Anabelle,7
Analiese,7
Analise,7
Anallese,7
Anatola,7
Andi,7
Andreana,7
Andria,7
Andriana,7
Andy,7
Anett,7
Anetta,7
Angelia,7
Angella,7
Angelle,7
Angy,7
Ann,7
Annabella,7
Annabelle,7
Annetta,7
Annette,7
Anni,7
Annis,7
Annissa,7
Annmaria,7
Annmarie,7
Annnora,7
Annora,7
Anny,7
Anselma,7
Anstice,7
Antoine,7
Anton,7
Antonella,7
Antonia,7
Antonie,7
Arabella,7
Arabelle,7
Ardelia,7
Ardelis,7
Ardella,7
Ardelle,7
Ardenia,7
Ardis,7
Ardisj,7
Ardith,7
Ardys,7
Ardyth,7
Aridatha,7
Ariella,7
Arlena,7
Arleta,7
Arletha,7
Arlette,7
Arleyne,7
Arliene,7
Arlina,7
Arlinda,7
Arluene,7
Arly,7
Arlyn,7
Armanda,7
Armando,7
Arminda,7
Aron,7
Art,7
Aryn,7
Ashleigh,7
Astrid,7
Astrix,7
Atalanta,7
Atlanta,7
Atlante,7
Auberta,7
Aubry,7
Audi,7
Audry,7
Audy,7
Augusta,7
Auguste,7
Aurelia,7
Aurelie,7
Aurelio,7
Aurilia,7
Auroora,7
Aurora,7
Austin,7
Austina,7
Austine,7
Aveline,7
Avery,7
Avis,7
Avrit,7
Ayn,7
Babette,7
Babita,7
Bambi,7
Bamby,7
Barbabra,7
Barbi,7
Barbra,7
Barby,7
Barry,7
Barton,7
Bathsheba,7
Batsheva,7
Beatrix,7
Beatriz,7
Beitris,7
Bekki,7
Belinda,7
Belita,7
Bellanca,7
Bellina,7
Belvia,7
Bendite,7
Benetta,7
Benita,7
Benni,7
Benny,7
Benoite,7
Bernadene,7
Bernardo,7
Bernelle,7
Bernete,7
Berni,7
Bernice,7
Bernita,7
Berny,7
Berri,7
Berry,7
Bert,7
Berti,7
Bertina,7
Bertine,7
Bertram,7
Berty,7
Bess,7
Bessy,7
Betsy,7
Betteann,7
Betti,7
Bettina,7
Bettine,7
Betty,7
Beverie,7
Beverlee,7
Beverley,7
Beverly,7
Bevvy,7
Birgitta,7
Blakelee,7
Blakeley,7
Blanca,7
Blanch,7
Blinni,7
Blinny,7
Bliss,7
Blondelle,7
Blondie,7
Blondy,7
Bo,7
Bob,7
Bobbi,7
Bobby,7
Bobette,7
Bobina,7
Bonita,7
Bonni,7
Bonny,7
Branda,7
Brandais,7
Brandi,7
Brandie,7
Brandon,7
Brandy,7
Breanne,7
Breena,7
Brenda,7
Brendan,7
Brenn,7
Brenna,7
Brett,7
Brianna,7
Bridgett,7
Brietta,7
Brigid,7
Brigida,7
Brigit,7
Brigitta,7
Brigitte,7
Brinn,7
Briny,7
Brit,7
Britni,7
Britt,7
Brittanie,7
Britteny,7
Brittni,7
Brook,7
Brooks,7
Bryn,7
Brynn,7
Brynna,7
Bryon,7
Buddy,7
Buffy,7
Buford,7
Bunni,7
Bunny,7
Byron,7
Caitlin,7
Caitrin,7
Calida,7
Callida,7
Calypso,7
Camelia,7
Camella,7
Camila,7
Camilla,7
Camille,7
Cammi,7
Cammy,7
Candi,7
Candice,7
Candida,7
Candide,7
Candis,7
Candra,7
Candy,7
Caprice,7
Caralie,7
Carena,7
Caresa,7
Caressa,7
Caresse,7
Carilyn,7
Carin,7
Carina,7
Carissa,7
Carita,7
Caritta,7
Carlene,7
Carlin,7
Carlina,7
Carline,7
Carlita,7
Carlota,7
Carlyn,7
Carlynn,7
Carmelia,7
Carmella,7
Carmelle,7
Carmina,7
Carmine,7
Carmita,7
Carmon,7
Carola,7
Carolan,7
Carolann,7
Carolin,7
Carolyn,7
Caron,7
Carri,7
Carry,7
Carson,7
Caryn,7
Cassi,7
Cassidy,7
Cassy,7
Catharina,7
Catharine,7
Catherin,7
Cathrine,7
Cathyleen,7
Catina,7
Catlaina,7
Catlin,7
Catrina,7
Cedric,7
Cedrick,7
Celesta,7
Celeste,7
Celina,7
Celinda,7
Celinka,7
Celisse,7
Chandra,7
Chantalle,7
Charita,7
Charity,7
Charlean,7
Charleen,7
Charlena,7
Charlene,7
Charline,7
Charmain,7
Charmane,7
Chelsie,7
Cherice,7
Cherida,7
Cherin,7
Cherise,7
Cherish,7
Cherlyn,7
Cherri,7
Cherry,7
Cheslie,7
Chiarra,7
Chiquia,7
Chiquita,7
Chloris,7
Chrissie,7
Chrissy,7
Christa,7
Christalle,7
Christan,7
Christen,7
Christi,7
Christie,7
Christy,7
Christye,7
Chrysa,7
Chrysler,7
Chrystal,7
Chryste,7
Cinderella,7
Clarabelle,7
Clareta,7
Clarice,7
Clarine,7
Clarita,7
Classie,7
Claudelle,7
Claudia,7
Claudie,7
Claudio,7
Clemmie,7
Clemmy,7
Cliff,7
Clifton,7
Clint,7
Clio,7
Clo,7
Cloris,7
Clovis,7
Codi,7
Cody,7
Coleman,7
Coletta,7
Colette,7
Colin,7
Collete,7
Colline,7
Colly,7
Con,7
Conni,7
Conny,7
Corabella,7
Corabelle,7
Coralie,7
Coralyn,7
Cordelia,7
Cordelie,7
Cordi,7
Cordula,7
Cordy,7
Corella,7
Corenda,7
Coretta,7
Corette,7
Cori,7
Corilla,7
Corina,7
Corinna,7
Corinne,7
Coriss,7
Corissa,7
Corliss,7
Corly,7
Cornelia,7
Cornelle,7
Corny,7
Correna,7
Corri,7
Corrina,7
Corrine,7
Corry,7
Cory,7
Cosetta,7
Cosette,7
Costanza,7
Courtney,7
Crin,7
Cris,7
Crissy,7
Cristi,7
Cristin,7
Cristina,7
Cristine,7
Cristy,7
Crysta,7
Crystie,7
Crystle,7
Cthrine,7
Cyb,7
Cyndi,7
Cyndia,7
Cyndy,7
Cynthia,7
Cynthy,7
Cyrus,7
Daffi,7
Daffy,7
Daisi,7
Daisy,7
Dakota,7
Dalenna,7
Dalila,7
Daloris,7
Dalton,7
Damaris,7
Damita,7
Danella,7
Danette,7
Daniella,7
Danielle,7
Danika,7
Danila,7
Danilo,7
Danit,7
Danita,7
Danni,7
Dannielle,7
Danny,7
Danyelle,7
Darby,7
Darci,7
Darcy,7
Darelle,7
Darius,7
Darlene,7
Darline,7
Darlleen,7
Daron,7
Darrelle,7
Darron,7
Darwin,7
Daryn,7
Daveta,7
David,7
Davida,7
Davina,7
Davita,7
Deandrea,7
Deanna,7
Debbi,7
Debby,7
Debera,7
Debi,7
Debor,7
Debora,7
Deborah,7
Debroah,7
Deeanne,7
Deerdre,7
Deeyn,7
Delcina,7
Delfina,7
Delila,7
Delilah,7
Delinda,7
Delisa,7
Delly,7
Delora,7
Deloria,7
Deloris,7
Delphine,7
Demetra,7
Deni,7
Denita,7
Denni,7
Denny,7
Deny,7
Denys,7
Derrick,7
Desiri,7
Desmond,7
Devi,7
Devin,7
Devina,7
Devinne,7
Devon,7
Devonna,7
Devonne,7
Devora,7
Dodi,7
Dody,7
Dolli,7
Dolly,7
Dominga,7
Domini,7
Dominic,7
Donella,7
Donelle,7
Donetta,7
Donielle,7
Donni,7
Donny,7
Doralia,7
Doralin,7
Doralyn,7
Dorelia,7
Dorella,7
Dorelle,7
Dorena,7
Doretta,7
Dorette,7
Dori,7
Doris,7
Dorisa,7
Dorita,7
Doro,7
Doroteya,7
Dorothea,7
Dorothee,7
Dorothy,7
Dorri,7
Dorris,7
Dorry,7
Dorthy,7
Dory,7
Dosi,7
Dot,7
Doti,7
Dotti,7
Dotty,7
Douglass,7
Dreddy,7
Dredi,7
Dru,7
Druci,7
Drucy,7
Drusi,7
Drusilla,7
Drusy,7
Dulci,7
Dulcy,7
Dusty,7
Dyanna,7
Eadith,7
Ealasaid,7
Earlene,7
Earline,7
Eboni,7
Ebony,7
Eddi,7
Eddy,7
Edeline,7
Edi,7
Edin,7
Edison,7
Edmond,7
Edmund,7
Edwardo,7
Edwina,7
Edy,7
Edyth,7
Elaina,7
Elberta,7
Eleanor,7
Electra,7
Eleni,7
Elenore,7
Elfreda,7
Elfrida,7
Elfrieda,7
Elianora,7
Elianore,7
Elin,7
Elinor,7
Elisabeth,7
Elizabeth,7
Ellette,7
Elli,7
Ellissa,7
Elly,7
Ellyn,7
Ellynn,7
Elmira,7
Elnora,7
Eloisa,7
Elonore,7
Eloy,7
Elroy,7
Elsbeth,7
Elsi,7
Elsinore,7
Elspeth,7
Elsy,7
Elton,7
Elvera,7
Elvin,7
Elvina,7
Elvira,7
Elvis,7
Elwanda,7
Elwira,7
Elyn,7
Elysia,7
Elyssa,7
Em,7
Emalia,7
Emelda,7
Emelia,7
Emelina,7
Emeline,7
Emelita,7
Emelyne,7
Emerson,7
Emili,7
Emilio,7
Emily,7
Emlyn,7
Emlynn,7
Emlynne,7
Emmalyn,7
Emmi,7
Emmy,7
Emogene,7
Emory,7
Engracia,7
Enid,7
Enrichetta,7
Enrika,7
Enrique,7
Eolanda,7
Eolande,7
Erin,7
Erinn,7
Ermina,7
Erminia,7
Erminie,7
Ernest,7
Ernesta,7
Ernesto,7
Erwin,7
Eryn,7
Esmaria,7
Essy,7
Esteban,7
Estella,7
Estelle,7
Estrella,7
Ethelind,7
Etheline,7
Etti,7
Etty,7
Eudora,7
Eugenia,7
Eugenie,7
Eugenio,7
Eulalie,7
Euphemia,7
Eustacia,7
Evangelia,7
Evangelin,7
Evania,7
Evelina,7
Eveline,7
Evelyn,7
Everett,7
Evvy,7
Evy,7
Fabiola,7
Fallon,7
Fanchette,7
Fancy,7
Fanechka,7
Fanni,7
Fanny,7
Fawnia,7
Faydra,7
Fayette,7
Fayina,7
Fayth,7
Fedora,7
Felecia,7
Felicity,7
Felipa,7
Felita,7
Feliza,7
Felton,7
Fenelia,7
Feodora,7
Fern,7
Fernanda,7
Fernande,7
Fidelity,7
Filiberto,7
Fiorenze,7
Fleur,7
Flo,7
Flor,7
Florance,7
Florella,7
Flori,7
Floria,7
Florida,7
Florina,7
Floris,7
Florri,7
Florrie,7
Florry,7
Flory,7
Flossi,7
Flossie,7
Flossy,7
Flss,7
Forrest,7
Francene,7
Francine,7
Francyne,7
Frankie,7
Franky,7
Franni,7
Frannie,7
Franny,7
Frayda,7
Freddi,7
Freddie,7
Freddy,7
Fredelia,7
Fredi,7
Fredia,7
Fredra,7
Freida,7
Fulvia,7
Gabbi,7
Gabriella,7
Gabrielle,7
Gabrila,7
Galina,7
Gaston,7
Gavrielle,7
Gaylene,7
Gaylord,7
Gaynor,7
Geneva,7
Genevra,7
Genni,7
Gennifer,7
Genny,7
Genovera,7
Genvieve,7
Georgena,7
Georgeta,7
Georgia,7
Georgie,7
Geralda,7
Geri,7
Gerianna,7
Gerianne,7
Germaine,7
Gerri,7
Gerrilee,7
Gerry,7
Gert,7
Gerti,7
Gertrud,7
Gerty,7
Gilberta,7
Gilberte,7
Gilberto,7
Gilemette,7
Gilligan,7
Giuditta,7
Giulietta,7
Giustina,7
Gladys,7
Glenda,7
Glenine,7
Glenn,7
Glenna,7
Glennie,7
Glennis,7
Glori,7
Gloria,7
Gloriana,7
Gloriane,7
Glory,7
Glyn,7
Glynda,7
Glynis,7
Glynnis,7
Gnni,7
Godiva,7
Goldi,7
Goldia,7
Goldina,7
Goldy,7
Gordon,7
Gratia,7
Gratiana,7
Grazia,7
Gregory,7
Gretna,7
Gretta,7
Griselda,7
Guenna,7
Guglielma,7
Gui,7
Guillema,7
Guinevere,7
Gunilla,7
Gus,7
Gusella,7
Gussi,7
Gussy,7
Gusti,7
Gusty,7
Gweneth,7
Gwenneth,7
Gwenni,7
Gwennie,7
Gwenny,7
Gwenora,7
Gwenore,7
Gwyn,7
Gwyneth,7
Gypsy,7
Hadria,7
Haleigh,7
Halette,7
Halimeda,7
Hanni,7
Hannis,7
Hanny,7
Happy,7
Harlene,7
Harmony,7
Harri,7
Harriett,7
Harriot,7
Harris,7
Harry,7
Hatti,7
Hatty,7
Haywood,7
Heddi,7
Hedi,7
Hedvig,7
Hedvige,7
Hedwig,7
Hedwiga,7
Hedy,7
Heidi,7
Helaina,7
Helaine,7
Helena,7
Helenka,7
Helli,7
Heloise,7
Helyn,7
Henrieta,7
Henry,7
Herbert,7
Hermia,7
Hermina,7
Hermine,7
Hestia,7
Hetti,7
Hetty,7
Hildagard,7
Holli,7
Hollis,7
Holly,7
Hong,7
Honor,7
Honoria,7
Horacio,7
Horatia,7
Houston,7
Hsiu,7
Hubert,7
Hugo,7
Hui,7
Hyacinth,7
Ibby,7
Idalia,7
Idalina,7
Idaline,7
Idella,7
Ilyssa,7
Imelda,7
Imogene,7
Imojean,7
Indira,7
Inesita,7
Inessa,7
Ingaberg,7
Ingeberg,7
Ingrid,7
Ingunna,7
Iolande,7
Iormina,7
Iris,7
Irving,7
Irwin,7
Isabella,7
Isabelle,7
Isadora,7
Isidora,7
Isidro,7
Isis,7
Issi,7
Issy,7
Ivett,7
Ivory,7
Ivy,7
Jacintha,7
Jacinthe,7
Jackquelin,7
Jacqueline,7
Jacquelynn,7
Jacquetta,7
Jacquette,7
Jadwiga,7
Jamima,7
Jandy,7
Janella,7
Janelle,7
Janenna,7
Janessa,7
Janeta,7
Janetta,7
Janette,7
Janeva,7
Janina,7
Janis,7
Janith,7
Jannelle,7
Janot,7
Jaquelin,7
Jaquelyn,7
Jaquith,7
Jasmin,7
Jasmina,7
Jasmine,7
Jason,7
Jazmin,7
Jeanelle,7
Jeanine,7
Jeanna,7
Jeannie,7
Jefferey,7
Jemima,7
Jemimah,7
Jemmy,7
Jenelle,7
Jeni,7
Jeniece,7
Jeniffer,7
Jenn,7
Jenni,7
Jennica,7
Jennifer,7
Jennilee,7
Jennine,7
Jenny,7
Jeremy,7
Jeri,7
Jermaine,7
Jerold,7
Jerrilee,7
Jerrine,7
Jerrold,7
Jerry,7
Jerrylee,7
Jesenia,7
Jess,7
Jessalin,7
Jessalyn,7
Jessamyn,7
Jesselyn,7
Jessi,7
Jessica,7
Jessika,7
Jessy,7
Jesus,7
Jewelle,7
Jo,7
Jo-Ann,7
Jo-Anne,7
Joanna,7
Joaquin,7
Jobi,7
Jobina,7
Joby,7
Jobyna,7
Joceline,7
Jocelyne,7
Jodi,7
Jody,7
Joella,7
Joelly,7
Joellyn,7
Joelynn,7
Johannah,7
Johnette,7
Johnson,7
Jojo,7
Joletta,7
Joli,7
Joly,7
Jolyn,7
Jolynn,7
Jon,7
Jong,7
Joni,7
Jonis,7
Jordanna,7
Jori,7
Jorry,7
Joscelin,7
Josefa,7
Josepha,7
Josi,7
Josselyn,7
Josy,7
Jourdan,7
Joy,7
Joycelin,7
Joycelyn,7
Jsandye,7
Juanita,7
Judi,7
Judith,7
Judson,7
Judy,7
Juli,7
Julianna,7
Julianne,7
Julienne,7
Julieta,7
Juliette,7
Julina,7
Julio,7
Julissa,7
Julita,7
Julius,7
Junette,7
Jung,7
Junina,7
Justina,7
Justine,7
Justinn,7
Jyoti,7
Kaitlin,7
Kaitlyn,7
Kaitlynn,7
Kaleena,7
Kalila,7
Kalina,7
Kalinda,7
Kalindi,7
Kameko,7
Kamila,7
Kamilah,7
Kamillah,7
Kandis,7
Kandy,7
Kanesha,7
Karena,7
Karin,7
Karina,7
Karisa,7
Karissa,7
Karita,7
Karlene,7
Karlyn,7
Karola,7
Karoly,7
Karon,7
Karry,7
Karylin,7
Karyn,7
Kassi,7
Kassia,7
Katalin,7
Katharina,7
Katharine,7
Katheleen,7
Katheryn,7
Kathrine,7
Kathryne,7
Katina,7
Katinka,7
Katlin,7
Katrina,7
Katrine,7
Katti,7
Katuscha,7
Katusha,7
Kaylyn,7
Keelia,7
Kelci,7
Kelcy,7
Kelila,7
Kelli,7
Kellia,7
Kellina,7
Kellsie,7
Kelly,7
Kellyann,7
Kelsi,7
Kelsy,7
Kendra,7
Keneth,7
Kenneth,7
Kennith,7
Kenny,7
Kenton,7
Keri,7
Kerianne,7
Kermit,7
Kerri,7
Kerrin,7
Kerry,7
Kerstin,7
Kessia,7
Kessiah,7
Ketti,7
Ketty,7
Keturah,7
Kevina,7
Kevyn,7
Kimberlee,7
Kimberley,7
Kimberlyn,7
Klarika,7
Koo,7
Kordula,7
Korella,7
Koressa,7
Kori,7
Korry,7
Kris,7
Krissy,7
Kristi,7
Kristin,7
Kristina,7
Kristine,7
Kristofer,7
Kristy,7
Kristyn,7
Krysta,7
Krystalle,7
Krystle,7
Kurt,7
Kurtis,7
Kylila,7
Kylynn,7
Kym,7
Kynthia,7
Kyrstin,7
Ladonna,7
Lanette,7
Lanita,7
Lanni,7
Lanny,7
Laraine,7
Larina,7
Larisa,7
Larissa,7
Larita,7
Laronda,7
Laryssa,7
Latonya,7
Latrena,7
Latrina,7
Latrisha,7
Lauraine,7
Laurella,7
Laurena,7
Laurene,7
Lauri,7
Laurice,7
Lauryn,7
Lavena,7
Laverna,7
Laverne,7
Lavette,7
Lavina,7
Lavinia,7
Lavinie,7
Leandra,7
Leandro,7
Leanna,7
Leanor,7
Leanora,7
Leeanna,7
Leeanne,7
Lenette,7
Lenora,7
Leodora,7
Leoline,7
Leon,7
Leonanie,7
Leonarda,7
Leonardo,7
Leonelle,7
Leonora,7
Leonore,7
Lesli,7
Lesly,7
Letitia,7
Letizia,7
Letti,7
Letty,7
Lewis,7
Lexi,7
Lexis,7
Lexy,7
Loella,7
Lois,7
Loleta,7
Lolita,7
Lolly,7
Loni,7
Lonni,7
Lonny,7
Loraine,7
Loralie,7
Loralyn,7
Lorelle,7
Lorena,7
Lorenza,7
Lorenzo,7
Loretta,7
Lorette,7
Lori,7
Lorianna,7
Lorianne,7
Lorilyn,7
Lorinda,7
Lorita,7
Lorraine,7
Lorrayne,7
Lorri,7
Lorrin,7
Lorry,7
Lory,7
Lotti,7
Lotty,7
Lou,7
Louella,7
Louisa,7
Loyd,7
Lu,7
Lucienne,7
Lucretia,7
Luella,7
Luetta,7
Luis,7
Lulita,7
Lulu,7
Lurette,7
Lurlene,7
Lurline,7
Luz,7
Lyn,7
Lyndsay,7
Lyndsie,7
Lyndy,7
Lynelle,7
Lynett,7
Lynette,7
Lynn,7
Lynnelle,7
Lynnett,7
Madelaine,7
Madeleine,7
Madelina,7
Madeline,7
Malissia,7
Mallissa,7
Mallorie,7
Margaretha,7
Margarethe,7
Margaretta,7
Margarette,7
Margarita,7
Margette,7
Marie-Ann,7
Marietta,7
Marillin,7
Mariquilla,7
Marjorie,7
Marketta,7
Marquita,7
Marrissa,7
Martynne,7
Maryellen,7
Maryetta,7
Maryrose,7
Maurizia,7
Melantha,7
Melisande,7
Melisenda,7
Mellicent,7
Mellisent,7
Meredith,7
Meredithe,7
Meridith,7
Merridie,7
Modestia,7
Morganica,7
Nadiya,7
Nakita,7
Nananne,7
Nanci,7
Nancy,7
Nanette,7
Nanni,7
Nanny,7
Nanon,7
Naomi,7
Nariko,7
Natalie,7
Natalya,7
Natasha,7
Natty,7
Nedi,7
Nelli,7
Nelly,7
Nerissa,7
Nerita,7
Nert,7
Nerti,7
Nerty,7
Nessi,7
Nessy,7
Netti,7
Netty,7
Nikaniki,7
Nikoletta,7
Ninnetta,7
Ninnette,7
Noella,7
Noellyn,7
Noelyn,7
Noemi,7
Nomi,7
Noni,7
Norina,7
Norri,7
Norris,7
Norry,7
Novelia,7
Numbers,7
Odelia,7
Odella,7
Odessa,7
Odetta,7
Ofelia,7
Ofella,7
Olenka,7
Olimpia,7
Olin,7
Olivette,7
Oliy,7
Olly,7
Olympia,7
Olympie,7
Oneida,7
Opalina,7
Opaline,7
Oralia,7
Orelia,7
Orella,7
Orlando,7
Orly,7
Orsola,7
Otelia,7
Othilia,7
Othilie,7
Otis,7
Ottilie,7
Otto,7
Paloma,7
Pamella,7
Pammi,7
Pammy,7
Pamula,7
Pandora,7
Pansy,7
Paolina,7
Papagena,7
Patience,7
Patrica,7
Patrice,7
Patricia,7
Patrick,7
Patsy,7
Patti,7
Patty,7
Paulina,7
Pauline,7
Paulita,7
Pedro,7
Peggi,7
Peggy,7
Penni,7
Penny,7
Pepi,7
Pepita,7
Peri,7
Perri,7
Perrine,7
Perry,7
Persis,7
Petrina,7
Petunia,7
Phaidra,7
Phedra,7
Philipa,7
Philippa,7
Philippe,7
Philis,7
Phillida,7
Phillis,7
Philomena,7
Phylis,7
Phyllis,7
Phyllys,7
Phylys,7
Pierette,7
Pierrette,7
Polly,7
Poppy,7
Portia,7
Pris,7
Priscella,7
Priscilla,7
Pru,7
Prudi,7
Prudy,7
Queenie,7
Quentin,7
Querida,7
Quincy,7
Quinn,7
Quintilla,7
Quintina,7
Rafaelita,7
Ralina,7
Ramona,7
Ramonda,7
Randene,7
Randi,7
Randy,7
Ranique,7
Raymond,7
Rebeca,7
Rebecca,7
Rebecka,7
Rebeka,7
Rebekah,7
Refugia,7
Refugio,7
Reggi,7
Regina,7
Reiko,7
Remy,7
Renelle,7
Rhetta,7
Rhiamon,7
Rhianna,7
Rhianon,7
Rhodia,7
Rhonda,7
Roanna,7
Robbi,7
Robbin,7
Robby,7
Robbyn,7
Robena,7
Robenia,7
Roberta,7
Robin,7
Robina,7
Robinett,7
Robinia,7
Roby,7
Robyn,7
Rod,7
Rodi,7
Rodina,7
Rodolfo,7
Rodrigo,7
Rogelio,7
Rois,7
Romola,7
Romona,7
Romonda,7
Romy,7
Ronalda,7
Ronni,7
Ronnica,7
Ronny,7
Roobbie,7
Rori,7
Rory,7
Ros,7
Rosabella,7
Rosabelle,7
Rosaleen,7
Rosalia,7
Rosalie,7
Rosalyn,7
Rosanna,7
Rosanne,7
Roseanna,7
Roseanne,7
Roselia,7
Roselin,7
Rosella,7
Roselle,7
Rosemary,7
Rosetta,7
Rosette,7
Rosina,7
Rosio,7
Rosita,7
Roslyn,7
Rosy,7
Row,7
Rowena,7
Roxanna,7
Roxanne,7
Roxi,7
Roxy,7
Roy,7
Roz,7
Rozalie,7
Rozalin,7
Rozanna,7
Rozanne,7
Rozella,7
Rozelle,7
Rozina,7
Rubetta,7
Rubi,7
Rubina,7
Ruby,7
Rudolf,7
Rupert,7
Ruperta,7
Rusty,7
Sabina,7
Sabrina,7
Sadella,7
Salaidh,7
Sallyann,7
Saloma,7
Salomi,7
Samaria,7
Sammy,7
Sandi,7
Sandra,7
Sandy,7
Santiago,7
Santo,7
Sapphira,7
Sapphire,7
Sarajane,7
Sarena,7
Sarette,7
Sarina,7
Sarita,7
Sashenka,7
Saudra,7
Saundra,7
Savina,7
Scarlett,7
Scottie,7
Sebrina,7
Selena,7
Selina,7
Selinda,7
Serena,7
Sergio,7
Serina,7
Seymour,7
Shandie,7
Shandra,7
Shannah,7
Shannon,7
Shaquana,7
Sharity,7
Sharleen,7
Sharlene,7
Sharline,7
Sharona,7
Sharron,7
Shaylynn,7
Sheelagh,7
Sheilah,7
Sheldon,7
Shellie,7
Sherika,7
Sherise,7
Sherri,7
Sherrie,7
Sherry,7
Shirlene,7
Shirline,7
Shoshanna,7
Sidonnie,7
Simonette,7
Slyvia,7
Sondra,7
Song,7
Sonni,7
Sonnnie,7
Sonny,7
Sosanna,7
Spring,7
Starlene,7
Starlin,7
Stefania,7
Stefanie,7
Steffane,7
Steffi,7
Steffie,7
Stella,7
Stephaine,7
Stephanie,7
Stephi,7
Stephine,7
Stevena,7
Stoddard,7
Storm,7
Stormi,7
Stormie,7
Stormy,7
Su,7
Suk,7
Suki,7
Sun,7
Sung,7
Sunny,7
Sunshine,7
Susanna,7
Susanne,7
Susette,7
Susi,7
Susy,7
Suzanna,7
Suzanne,7
Suzette,7
Suzi,7
Suzy,7
Sybila,7
Sybilla,7
Sybille,7
Sydelle,7
Sylvia,7
TEirtza,7
Tabatha,7
Tabbatha,7
Tabbi,7
Tabbitha,7
Tabby,7
Tabina,7
Taffy,7
Tallia,7
Tallou,7
Tamarah,7
Tamarra,7
Tameika,7
Tamekia,7
Tamera,7
Tamiko,7
Tammi,7
Tammy,7
Tamqrah,7
Tandi,7
Tandy,7
Taneka,7
Tansy,7
Taryn,7
Tatiania,7
Tatum,7
Tawanda,7
Tawanna,7
Tawnya,7
Teddi,7
Teddy,7
Tedi,7
Teodora,7
Teodoro,7
Tequila,7
Teresa,7
Teressa,7
Teri,7
Terrance,7
Terri,7
Terrijo,7
Terry,7
Tersina,7
Tess,7
Tessi,7
Tessy,7
Theresa,7
Therese,7
Therine,7
Thomasin,7
Thurman,7
Tobi,7
Toby,7
Toinette,7
Tomi,7
Tommi,7
Tommy,7
Toni,7
Tony,7
Tootsie,7
Tori,7
Tory,7
Travis,7
Trenna,7
Trenton,7
Tressa,7
Trevor,7
Trix,7
Trixi,7
Trixy,7
Trudi,7
Trudy,7
Tu,7
Tuesday,7
Tybi,7
Tyson,7
Ulrika,7
Umeko,7
Ursola,7
Ursula,7
Valaria,7
Valarie,7
Valeda,7
Valenka,7
Valera,7
Valeria,7
Valerie,7
Valery,7
Valerye,7
Valida,7
Valina,7
Valry,7
Vanesa,7
Vanessa,7
Vanni,7
Vanny,7
Venita,7
Venus,7
Veradis,7
Verena,7
Verina,7
Vernice,7
Vernon,7
Vilhelmina,7
Violetta,7
Violette,7
Virginia,7
Virginie,7
Vittoria,7
Vivienne,7
Vonni,7
Vonny,7
Vyky,7
Wallis,7
Walliw,7
Walton,7
Waltraud,7
Wandis,7
Waneta,7
Wanids,7
Wendi,7
Wendy,7
Wenona,7
Wenonah,7
Weston,7
Wilhelmina,7
Wilhelmine,7
Willamina,7
Willetta,7
Willette,7
Willodean,7
Wilmette,7
Winnifred,7
Wm,7
Woodrow,7
Wrennie,7
Wynn,7
Wynny,7
Xaviera,7
Xylina,7
Yajaira,7
Yalonda,7
Yasmin,7
Yelena,7
Yetty,7
Yevette,7
Yoko,7
Yolanda,7
Yolande,7
Yong,7
Young,7
Yu,7
Zabrina,7
Zandra,7
Zaneta,7
Zondra,7
Zonnya,7
Zorina,7
Zsazsa,7
Zulema,7
Adalberto,8
Agustina,8
Alejandra,8
Alexandra,8
Allianora,8
Ammamaria,8
Anallise,8
Anastasia,8
Anastasie,8
Andriette,8
Angelica,8
Angelika,8
Angelina,8
Angeline,8
Angelita,8
Anjanette,8
Ann-Marie,8
Annadiana,8
Annadiane,8
Annaliese,8
Annalise,8
Annamaria,8
Annamarie,8
Anneliese,8
Annelise,8
Annemarie,8
Anthiathia,8
Antonetta,8
Antonina,8
Aprilette,8
Aubrette,8
Augustus,8
Babbette,8
Barbette,8
Beatrice,8
Beatrisa,8
Benedetta,8
Benedict,8
Benedicta,8
Berenice,8
Bernadette,8
Bernadina,8
Bernadine,8
Bernetta,8
Bernette,8
Betteanne,8
Beverlie,8
Bobbette,8
Bobinette,8
Bonnibelle,8
Bradford,8
Brandice,8
Brandise,8
Bridgette,8
Brunhilda,8
Brunhilde,8
Camellia,8
Cariotta,8
Carletta,8
Carlotta,8
Carlynne,8
Carmelina,8
Carmelita,8
Carolina,8
Caroline,8
Caroljean,8
Carolyne,8
Carolynn,8
Carrissa,8
Casandra,8
Cassandra,8
Cassandre,8
Cassandry,8
Catarina,8
Caterina,8
Catherina,8
Catherine,8
Catriona,8
Celestia,8
Celestyn,8
Charissa,8
Charisse,8
Charlotta,8
Charlotte,8
Charmaine,8
Charmian,8
Charmine,8
Charmion,8
Chastity,8
Cherianne,8
Cherilyn,8
Cherrita,8
Chloette,8
Christabella,8
Christean,8
Christian,8
Christiana,8
Christiane,8
Christin,8
Christina,8
Christine,8
Christyna,8
Claresta,8
Claretta,8
Clarette,8
Clarinda,8
Clarissa,8
Clarisse,8
Claudetta,8
Claudette,8
Claudina,8
Claudine,8
Clemence,8
Clemente,8
Cleopatra,8
Clerissa,8
Cleveland,8
Clotilda,8
Collette,8
Concordia,8
Consolata,8
Constance,8
Constancy,8
Constanta,8
Coraline,8
Corrianne,8
Corrinne,8
Courtenay,8
Courtnay,8
Danyette,8
Delphinia,8
Demetria,8
Demetris,8
Devondra,8
Dianemarie,8
Dolorita,8
Domeniga,8
Dominica,8
Dominique,8
Doralynn,8
Dorolice,8
Dorolisa,8
Eleanora,8
Eleanore,8
Eleonora,8
Eleonore,8
Elisabetta,8
Elladine,8
Emmaline,8
Emmalynn,8
Emmeline,8
Enriqueta,8
Ernaline,8
Esmeralda,8
Evangelina,8
Evangeline,8
Ezmeralda,8
Faustina,8
Faustine,8
Federica,8
Federico,8
Fleurette,8
Florence,8
Florenza,8
Florette,8
Florinda,8
Francesca,8
Francesco,8
Francisca,8
Franciska,8
Francoise,8
Fredrika,8
Gabriellia,8
Garnette,8
Genevieve,8
Georgetta,8
Georgette,8
Georgiana,8
Georgina,8
Georgine,8
Gerhardine,8
Gerladina,8
Gertruda,8
Gertrude,8
Goldarina,8
Guadalupe,8
Guendolen,8
Guenevere,8
Gwendolen,8
Gwendolin,8
Gwendolyn,8
Gwenette,8
Harmonia,8
Harmonie,8
Harrietta,8
Harriette,8
Harriott,8
Hendrika,8
Henrietta,8
Henriette,8
Henryetta,8
Hephzibah,8
Herminia,8
Hermione,8
Hildagarde,8
Hildegaard,8
Hildegarde,8
Hollyanne,8
Hortense,8
Hyacintha,8
Hyacinthe,8
Hyacinthie,8
Ingaborg,8
Ingeborg,8
Iolanthe,8
Isabelita,8
Jackqueline,8
Janeczka,8
Jeanette,8
Jeannette,8
Jeannine,8
Jennette,8
Jeremiah,8
Jerrilyn,8
Jessamine,8
Joaquina,8
Johnathan,8
Johnathon,8
Josefina,8
Josefine,8
Josephina,8
Josephine,8
Julietta,8
Kakalina,8
Karalynn,8
Karilynn,8
Kariotta,8
Karlotta,8
Karlotte,8
Karolina,8
Karoline,8
Kassandra,8
Katelynn,8
Katerina,8
Katerine,8
Katherina,8
Katherine,8
Katrinka,8
Klarrisa,8
Konstance,8
Konstanze,8
Kristopher,8
Krystyna,8
Laetitia,8
Lamonica,8
Latashia,8
Laurence,8
Lauretta,8
Laurette,8
Laurianne,8
Leontine,8
Leontyne,8
Leopoldo,8
Louisette,8
Loutitia,8
Ludovika,8
Lynnette,8
Marcellina,8
Marcelline,8
Marguerite,8
Margurite,8
Mariejeanne,8
Marylinda,8
Marylynne,8
Melisandra,8
Minnaminnie,8
Modestine,8
Monserrate,8
Nannette,8
Natalina,8
Nataline,8
Natassia,8
Natividad,8
Norberto,8
Odelinda,8
Ortensia,8
Pamelina,8
Patrizia,8
Pauletta,8
Paulette,8
Pearline,8
Penelopa,8
Penelope,8
Petronella,8
Petronia,8
Phyllida,8
Pollyanna,8
Porfirio,8
Prudence,8
Ramonita,8
Rebbecca,8
Rebekkah,8
Robinetta,8
Robinette,8
Rosalind,8
Rosaline,8
Rosalynd,8
Rosamond,8
Rosamund,8
Roseline,8
Rosemaria,8
Rosemarie,8
Rosmunda,8
Rozamond,8
Sallyanne,8
Samantha,8
Sara-Ann,8
Serafina,8
Shandeigh,8
Sherilyn,8
Sherline,8
Sophronia,8
Stanford,8
Stephannie,8
Stephenie,8
Susanetta,8
Susannah,8
Tallulah,8
Tanitansy,8
Teresina,8
Teresita,8
Terrilyn,8
Theadora,8
Theodora,8
Theodore,8
Theressa,8
Thomasina,8
Thomasine,8
Tomasina,8
Tomasine,8
Ursulina,8
Ursuline,8
Valencia,8
Valentia,8
Vasiliki,8
Veronica,8
Veronika,8
Veronike,8
Wendeline,8
Yolanthe,8
Yovonnda,8
Albertina,9
Albertine,9
Alessandra,9
Anastassia,9
Andromache,9
Anestassia,9
Angelique,9
Anna-Diana,9
Anna-Diane,9
Anna-Maria,9
Anne-Marie,9
Antoinette,9
Antonietta,9
Appolonia,9
Augustina,9
Augustine,9
Benedikta,9
Bernardina,9
Bernardine,9
Bette-Ann,9
Carol-Jean,9
Cassaundra,9
Cassondra,9
Celestina,9
Celestine,9
Celestyna,9
Cherilynn,9
Christopher,9
Clementia,9
Concettina,9
Constancia,9
Constantia,9
Cristionna,9
Demetrius,9
Desdemona,9
Diane-Marie,9
Doloritas,9
Donnamarie,9
Doralynne,9
Ekaterina,9
Elbertina,9
Elbertine,9
Ellsworth,9
Emmalynne,9
Ermelinda,9
Ermengarde,9
Ernestine,9
Estrellita,9
Ferdinanda,9
Ferdinande,9
Fernandina,9
Florencia,9
Florentia,9
Frederica,9
Fredericka,9
Friederike,9
Georgeanna,9
Georgeanne,9
Georgianna,9
Georgianne,9
Geraldine,9
Gertrudis,9
Gilbertina,9
Gilbertine,9
Guillemette,9
Hortensia,9
Hyacinthia,9
Jacquenetta,9
Jacquenette,9
Jaquenetta,9
Jaquenette,9
Kara-Lynn,9
Marie-Jeanne,9
Martguerita,9
Petronilla,9
Petronille,9
Philippine,9
Rosalinda,9
Rosalinde,9
Rosemonde,9
Sebastian,9
Selestina,9
Theodosia,9
Theresina,9
Theresita,9
Ulrikaumeko,9
Valentina,9
Valentine,9
Veronique,9
Alejandrina,10
Alexandrina,10
Annecorinne,10
Barbaraanne,10
Cairistiona,10
Carmencita,10
Clementina,10
Clementine,10
Constantina,10
Constantine,10
Ermentrude,10
Florentina,10
Frederique,10
Holly-Anne,10
Barbara-Anne,11
Anne-Corinne,12
Sheila-Kathryn,12
Helen-Elizabeth,13
